contre,metrique,delta,ic95_bas,ic95_haut,p_brut,p_holm,p_fdr
Uniforme,nll,0.0027601222648198725,-0.02537734517103461,0.02751805751369863,0.67877197265625,1.0,0.7309852013221153
Uniforme,rps,0.0010704528657883151,-0.0029108237562815134,0.004953471360111798,0.48870849609375,1.0,0.6219926313920454
Marginale empirique,nll,-0.11155438022609128,-0.18283434267628654,-0.029991272563366953,0.03533935546875,0.3533935546875,0.0989501953125
Marginale empirique,rps,-0.0002338256698373234,-0.003799560438731282,0.0033018554763852436,0.890380859375,1.0,0.890380859375
AR(1) poolé,nll,-0.18735272591014493,-0.2856557614471329,-0.09029786749077921,0.0067138671875,0.08056640625,0.031331380208333336
AR(1) poolé,rps,-0.003036434538669586,-0.008138279806033728,0.0013992279248763962,0.67877197265625,1.0,0.7309852013221153
"ARIMA(1,0,1)",nll,-0.2705467571409067,-0.44910968556006525,-0.10848043455940146,0.00537109375,0.06982421875,0.031331380208333336
"ARIMA(1,0,1)",rps,-0.01601372230619817,-0.03190074182561944,-0.0009630223843005267,0.083251953125,0.666015625,0.165557861328125
LightGBM,nll,-0.3082947996389101,-0.4224220887023971,-0.18714823030928202,0.0006103515625,0.008544921875,0.008544921875
LightGBM,rps,-0.022454571897005678,-0.03530575987752077,-0.010089664046578628,0.01025390625,0.11279296875,0.035888671875
GRU,nll,-0.07861835148742137,-0.17986310246831144,0.0019138739424603383,0.1876220703125,0.9381103515625,0.26267089843749997
GRU,rps,-0.019900614644453692,-0.044102641532872036,-0.0019121367715789438,0.15142822265625,0.9085693359375,0.23555501302083331
LSTM,nll,-0.12355145556273814,-0.2732071596701957,-0.007161858502994616,0.0946044921875,0.666015625,0.165557861328125
LSTM,rps,-0.025112559716651925,-0.05623112461162668,-0.0020168003692997566,0.072998046875,0.656982421875,0.165557861328125
